'Anims_sorted_scaled/abstract/scaled/20120824-2355_series2_scaled.mp4', 
'Anims_sorted_scaled/abstract/scaled/20120824-2356_series3_scaled.mp4', 
'Anims_sorted_scaled/abstract/scaled/20120824-2357_series4_scaled.mp4', 
'Anims_sorted_scaled/abstract/scaled/20120824-2357_series5_scaled.mp4', 
'Anims_sorted_scaled/abstract/scaled/20120825-0000_series6_scaled.mp4', 
'Anims_sorted_scaled/abstract/scaled/20120825-0001_series7_scaled.mp4', 
'Anims_sorted_scaled/abstract/scaled/20120825-0005_series7_scaled.mp4', 
'Anims_sorted_scaled/abstract/scaled/20120825-0057_series_complx1_scaled.mp4', 
'Anims_sorted_scaled/abstract/scaled/20120825-0059_series_complx1_scaled.mp4', 
'Anims_sorted_scaled/abstract/scaled/20120825-0103_series_complx2_scaled.mp4', 
'Anims_sorted_scaled/abstract/scaled/20120825-0105_series_complx3_scaled.mp4', 
'Anims_sorted_scaled/abstract/scaled/20120825-0108_series_complx4_scaled.mp4', 
'Anims_sorted_scaled/abstract/scaled/20120825-0117_series_complx5_scaled.mp4', 
'Anims_sorted_scaled/abstract/scaled/20120825-0119_series_complx6_scaled.mp4', 
'Anims_sorted_scaled/abstract/scaled/20120825-0125_series_complx7_scaled.mp4', 
'Anims_sorted_scaled/abstract/scaled/20120825-0132_series_complx8_scaled.mp4', 
'Anims_sorted_scaled/abstract/scaled/20120825-0135_series_complx9_scaled.mp4', 
'Anims_sorted_scaled/abstract/scaled/20120825-0143_series_complx10_scaled.mp4', 
'Anims_sorted_scaled/abstract/scaled/20120825-1947_series_complx11_scaled.mp4', 
'Anims_sorted_scaled/abstract/scaled/20120825-1958_series_complx12_scaled.mp4', 
'Anims_sorted_scaled/abstract/scaled/20120825-2014_series_complx13_scaled.mp4', 
'Anims_sorted_scaled/abstract/scaled/20120825-2021_series_complx14_scaled.mp4', 
'Anims_sorted_scaled/abstract/scaled/20120825-2022_series_complx15_scaled.mp4', 
'Anims_sorted_scaled/abstract/scaled/20120825-2024_series_complx16_scaled.mp4', 
'Anims_sorted_scaled/abstract/scaled/20120825-2026_series_complx17_scaled.mp4', 
'Anims_sorted_scaled/abstract/scaled/20120825-2056_series_complx18_scaled.mp4', 
'Anims_sorted_scaled/abstract/scaled/20120920-0045_series_complx19_scaled.mp4', 
'Anims_sorted_scaled/abstract/scaled/20120920-0048_series_complx19_scaled.mp4', 
'Anims_sorted_scaled/abstract/scaled/20120920-0106_series_complx20_scaled.mp4', 
'Anims_sorted_scaled/abstract/scaled/20120920-0143_series_complx21_scaled.mp4', 
'Anims_sorted_scaled/abstract/scaled/20120923-1737_red-ish_stripy_scaled.mp4', 
'Anims_sorted_scaled/abstract/scaled/20120923-1756_green-ish_stripy_scaled.mp4', 
'Anims_sorted_scaled/abstract/scaled/20120927-0024_series_complx22_scaled.mp4', 
'Anims_sorted_scaled/abstract/scaled/20120927-0034_series_complx23_scaled.mp4', 
'Anims_sorted_scaled/abstract/scaled/20120929-2122_series_complx24_scaled.mp4', 
'Anims_sorted_scaled/abstract/scaled/20120929-2125_series_complx25_scaled.mp4', 
'Anims_sorted_scaled/abstract/scaled/20120929-2130_series_complx26_scaled.mp4', 
'Anims_sorted_scaled/abstract/scaled/20120930-0130_series_complx27_scaled.mp4', 
'Anims_sorted_scaled/abstract/scaled/20120930-0138_series_complx29_scaled.mp4', 
'Anims_sorted_scaled/abstract/scaled/20121015-2237_PrepDogBG_scaled.mp4', 
'Anims_sorted_scaled/abstract/scaled/20121015-2239_PrepDogBG_scaled.mp4', 
'Anims_sorted_scaled/abstract/scaled/20121025-2317_series_complx30_scaled.mp4', 
'Anims_sorted_scaled/abstract/scaled/20121025-2325_series_complx31_scaled.mp4', 
'Anims_sorted_scaled/abstract/scaled/20121025-2334_series_complx32_scaled.mp4', 
'Anims_sorted_scaled/abstract/scaled/20121025-2338_series_complx33_scaled.mp4', 
'Anims_sorted_scaled/abstract/scaled/20121025-2346_series_complx34_scaled.mp4', 
'Anims_sorted_scaled/abstract/scaled/20121025-2357_series_complx35_scaled.mp4', 
'Anims_sorted_scaled/abstract/scaled/20121026-0000_series_complx36_scaled.mp4', 
'Anims_sorted_scaled/abstract/scaled/20121026-0003_series_complx37_scaled.mp4', 
'Anims_sorted_scaled/abstract/scaled/20121026-0005_series_complx38_scaled.mp4', 
'Anims_sorted_scaled/abstract/scaled/20121026-0008_series_complx39_scaled.mp4', 
'Anims_sorted_scaled/abstract/scaled/20121026-0028_series_complx40_scaled.mp4', 
'Anims_sorted_scaled/abstract/scaled/20121026-0034_series_complx41_scaled.mp4', 
'Anims_sorted_scaled/abstract/scaled/20121026-0125_series_complx42_scaled.mp4', 
'Anims_sorted_scaled/abstract/scaled/20121026-0126_series_complx43_scaled.mp4', 
'Anims_sorted_scaled/abstract/scaled/20121228-1954_Dreiecke1_scaled.mp4', 
'Anims_sorted_scaled/abstract/scaled/20121230-0107_cobino11_scaled.mp4', 
'Anims_sorted_scaled/abstract/scaled/20121230-0121_DynamicRandomWalkPC16_scaled.mp4', 
'Anims_sorted_scaled/abstract/scaled/20121230-0124_DynamicRandomWalkPC5_scaled.mp4', 
'Anims_sorted_scaled/abstract/scaled/20121230-0125_DynamicRandomWalkPC7_scaled.mp4', 
'Anims_sorted_scaled/abstract/scaled/20121230-0128_RandomWalkPC1_scaled.mp4', 
'Anims_sorted_scaled/abstract/scaled/20121230-0129_RandomWalkPC2_scaled.mp4', 
'Anims_sorted_scaled/abstract/scaled/20121230-0130_RandomWalkPC5_scaled.mp4', 
'Anims_sorted_scaled/abstract/scaled/20121230-0131_RandomWalkPC6_scaled.mp4', 
'Anims_sorted_scaled/abstract/scaled/20121230-0135_cobino10_scaled.mp4', 
'Anims_sorted_scaled/abstract/scaled/20121230-0135_cobino11_scaled.mp4', 
'Anims_sorted_scaled/abstract/scaled/20121230-0137_cobino3_scaled.mp4', 
'Anims_sorted_scaled/abstract/scaled/20121230-0139_cobino7_scaled.mp4', 
'Anims_sorted_scaled/abstract/scaled/20121230-0139_cobino8_scaled.mp4', 
'Anims_sorted_scaled/abstract/scaled/20121230-1151_DynamicRandomWalkPC17_scaled.mp4', 
'Anims_sorted_scaled/abstract/scaled/20121230-1200_cobino14_scaled.mp4', 
'Anims_sorted_scaled/abstract/scaled/20121230-1202_DynamicRandomWalkPC18_scaled.mp4', 
'Anims_sorted_scaled/abstract/scaled/20121230-1212_Dreiecke4_scaled.mp4', 
'Anims_sorted_scaled/abstract/scaled/20121230-1224_DynamicRandomWalkPC19_scaled.mp4', 
'Anims_sorted_scaled/abstract/scaled/20121230-1236_KrEiseDrEiecke1_scaled.mp4', 
'Anims_sorted_scaled/abstract/scaled/20121230-1243_cobino15_scaled.mp4', 
'Anims_sorted_scaled/abstract/scaled/20121230-1254_KrEiseDrEiecke2_scaled.mp4', 
'Anims_sorted_scaled/abstract/scaled/20121230-1423_cobino16_scaled.mp4', 
'Anims_sorted_scaled/abstract/scaled/20130106-1746_cobino20_scaled.mp4', 
'Anims_sorted_scaled/abstract/scaled/20130106-1756_cobino21_scaled.mp4', 
'Anims_sorted_scaled/abstract/scaled/20130106-1810_DynamicRandomWalkPC20_scaled.mp4', 
'Anims_sorted_scaled/abstract/scaled/20130106-1918_DynamicRandomWalkPC21_scaled.mp4', 
'Anims_sorted_scaled/abstract/scaled/20130106-2111_DynamicRandomWalkPC22_scaled.mp4'
