'Anims_sorted_scaled/life/scaled/20120923-0013_Lamp1_scaled.mp4', 
'Anims_sorted_scaled/life/scaled/20120923-0020_Lamp2_scaled.mp4', 
'Anims_sorted_scaled/life/scaled/20120923-0030_Lamp3_scaled.mp4', 
'Anims_sorted_scaled/life/scaled/20120924-0031_MartaBikeParis1_scaled.mp4', 
'Anims_sorted_scaled/life/scaled/20120924-0040_MartaBikeParis2_scaled.mp4', 
'Anims_sorted_scaled/life/scaled/20120924-0045_MartaBikeParis3_scaled.mp4', 
'Anims_sorted_scaled/life/scaled/20120924-0052_MartaBikeParis5_scaled.mp4', 
'Anims_sorted_scaled/life/scaled/20120924-0115_MartaBikeParis7_scaled.mp4', 
'Anims_sorted_scaled/life/scaled/20120924-0124_MartaBikeParis6_scaled.mp4', 
'Anims_sorted_scaled/life/scaled/20120924-0131_MartaBikeParis4_scaled.mp4', 
'Anims_sorted_scaled/life/scaled/20121230-0135_Marta1_scaled.mp4', 
'Anims_sorted_scaled/life/scaled/20121230-0142_Marta2_scaled.mp4', 
'Anims_sorted_scaled/life/scaled/20121230-0155_Marta3_scaled.mp4', 
'Anims_sorted_scaled/life/scaled/20121230-0209_Xaver1_scaled.mp4', 
'Anims_sorted_scaled/life/scaled/20121230-0232_MartaBike3_scaled.mp4', 
'Anims_sorted_scaled/life/scaled/20121230-0243_MartaBike4_scaled.mp4', 
'Anims_sorted_scaled/life/scaled/20130110-2352_MALUBrue1_scaled.mp4', 
'Anims_sorted_scaled/life/scaled/20130111-0006_MALUBrue3_scaled.mp4', 
'Anims_sorted_scaled/life/scaled/20130111-0036_MALUBrue6_scaled.mp4', 
'Anims_sorted_scaled/life/scaled/20130111-0042_MALUBrue5_scaled.mp4', 
'Anims_sorted_scaled/life/scaled/20130111-0057_MALUBrue7_scaled.mp4', 
'Anims_sorted_scaled/life/scaled/20130111-0142_MALUBrue8_scaled.mp4', 
'Anims_sorted_scaled/life/scaled/20130113-2044_MAVerkehr3_scaled.mp4', 
'Anims_sorted_scaled/life/scaled/20130113-2052_MAVerkehr2_scaled.mp4', 
'Anims_sorted_scaled/life/scaled/20130113-2059_MAVerkehr4_scaled.mp4', 
'Anims_sorted_scaled/life/scaled/20130113-2111_MAVerkehr5_scaled.mp4', 
'Anims_sorted_scaled/life/scaled/20130113-2132_WunderK1_scaled.mp4', 
'Anims_sorted_scaled/life/scaled/20130113-2142_WunderK2_scaled.mp4', 
'Anims_sorted_scaled/life/scaled/20130203-1753_FerroVia1_scaled.mp4', 
'Anims_sorted_scaled/life/scaled/20130203-1813_FerroVia2_scaled.mp4', 
'Anims_sorted_scaled/life/scaled/20130203-1815_Origami11_scaled.mp4', 
'Anims_sorted_scaled/life/scaled/20130203-1849_Origami12_scaled.mp4', 
'Anims_sorted_scaled/life/scaled/20130203-1932_Cones11_scaled.mp4', 
'Anims_sorted_scaled/life/scaled/20130203-1949_Cones12_scaled.mp4', 
'Anims_sorted_scaled/life/scaled/20130203-2001_Cones21_scaled.mp4', 
'Anims_sorted_scaled/life/scaled/20130203-2026_Cones31_scaled.mp4'
