'Anims_sorted_scaled/mysterious/scaled/20120923-1526_MixedCumSimpleColors2_scaled.mp4', 
'Anims_sorted_scaled/mysterious/scaled/20120923-1534_MixedCumSimpleColors4_scaled.mp4', 
'Anims_sorted_scaled/mysterious/scaled/20120923-1538_MixedCumSimpleColors6_scaled.mp4', 
'Anims_sorted_scaled/mysterious/scaled/20120925-2220_Roger_KloZwerg1_scaled.mp4', 
'Anims_sorted_scaled/mysterious/scaled/20120925-2223_Roger_KloZwerg2_scaled.mp4', 
'Anims_sorted_scaled/mysterious/scaled/20120925-2227_Roger_KloZwerg3_scaled.mp4', 
'Anims_sorted_scaled/mysterious/scaled/20120925-2230_Roger_KloZwerg4_scaled.mp4', 
'Anims_sorted_scaled/mysterious/scaled/20120925-2246_Roger_KloZwerg5_scaled.mp4', 
'Anims_sorted_scaled/mysterious/scaled/20120927-0037_Roger_KloZwerg6_scaled.mp4', 
'Anims_sorted_scaled/mysterious/scaled/20120927-2217_MysteriousBob1_scaled.mp4', 
'Anims_sorted_scaled/mysterious/scaled/20120927-2223_MysteriousBob2_scaled.mp4', 
'Anims_sorted_scaled/mysterious/scaled/20120927-2225_MysteriousBob2_scaled.mp4', 
'Anims_sorted_scaled/mysterious/scaled/20120927-2228_MysteriousBob3_scaled.mp4', 
'Anims_sorted_scaled/mysterious/scaled/20120927-2234_MysteriousBob4_scaled.mp4', 
'Anims_sorted_scaled/mysterious/scaled/20130106-2146_CatPorn1_scaled.mp4', 
'Anims_sorted_scaled/mysterious/scaled/20130106-2211_CatPorn2_scaled.mp4', 
'Anims_sorted_scaled/mysterious/scaled/20130106-2229_Squash1_scaled.mp4', 
'Anims_sorted_scaled/mysterious/scaled/20130106-2239_Squash2_scaled.mp4', 
'Anims_sorted_scaled/mysterious/scaled/20130106-2357_Squash4_scaled.mp4', 
'Anims_sorted_scaled/mysterious/scaled/20130107-0006_Squash3_scaled.mp4', 
'Anims_sorted_scaled/mysterious/scaled/20130107-0032_Shot2_scaled.mp4', 
'Anims_sorted_scaled/mysterious/scaled/20130108-2355_Talk2_scaled.mp4', 
'Anims_sorted_scaled/mysterious/scaled/20130109-0024_Talk3_scaled.mp4', 
'Anims_sorted_scaled/mysterious/scaled/20130109-0025_Talk3_slow_scaled.mp4', 
'Anims_sorted_scaled/mysterious/scaled/20130109-0040_Talk4_scaled.mp4', 
'Anims_sorted_scaled/mysterious/scaled/20130109-2344_Talk5_scaled.mp4', 
'Anims_sorted_scaled/mysterious/scaled/20130110-0029_Squash7_scaled.mp4', 
'Anims_sorted_scaled/mysterious/scaled/20130110-0102_Squash10_scaled.mp4', 
'Anims_sorted_scaled/mysterious/scaled/20130113-2014_Squash5c_scaled.mp4', 
'Anims_sorted_scaled/mysterious/scaled/20130113-2128_Dampfkessel1_scaled.mp4', 
'Anims_sorted_scaled/mysterious/scaled/20130113-2201_FaceRome1b_scaled.mp4', 
'Anims_sorted_scaled/mysterious/scaled/20130113-2249_FaceRome2_scaled.mp4', 
'Anims_sorted_scaled/mysterious/scaled/20130117-2325_Shampoo1_scaled.mp4', 
'Anims_sorted_scaled/mysterious/scaled/20130117-2333_Shampoo2_scaled.mp4', 
'Anims_sorted_scaled/mysterious/scaled/lamp5_20fps_scaled.mp4'
