'Anims_sorted_scaled/people&animals/scaled/20121015-2158_morphdogs1_scaled.mp4', 
'Anims_sorted_scaled/people&animals/scaled/20121015-2225_morphdogs2_scaled.mp4', 
'Anims_sorted_scaled/people&animals/scaled/20121015-2244_DOG1_scaled.mp4', 
'Anims_sorted_scaled/people&animals/scaled/20121015-2250_DOG2_scaled.mp4', 
'Anims_sorted_scaled/people&animals/scaled/20121015-2320_DOG3_scaled.mp4', 
'Anims_sorted_scaled/people&animals/scaled/20121022-2133_morph2dogs_scaled.mp4', 
'Anims_sorted_scaled/people&animals/scaled/20121026-0053_OutFrames1_noisy_scaled.mp4', 
'Anims_sorted_scaled/people&animals/scaled/20121026-0059_FishInWater1_scaled.mp4', 
'Anims_sorted_scaled/people&animals/scaled/20121026-0106_FishInWater1_2_scaled.mp4', 
'Anims_sorted_scaled/people&animals/scaled/20121026-0111_FishInWater1_3_scaled.mp4', 
'Anims_sorted_scaled/people&animals/scaled/20121026-0130_FishInWater2_scaled.mp4', 
'Anims_sorted_scaled/people&animals/scaled/20121026-0132_FishInWater2_2_scaled.mp4', 
'Anims_sorted_scaled/people&animals/scaled/20121026-0202_FishInWater2_3_scaled.mp4', 
'Anims_sorted_scaled/people&animals/scaled/20130118-0015_fIsH1_scaled.mp4', 
'Anims_sorted_scaled/people&animals/scaled/20130203-1519_Hare1_scaled.mp4', 
'Anims_sorted_scaled/people&animals/scaled/20130203-1524_Hare1_noisy_scaled.mp4', 
'Anims_sorted_scaled/people&animals/scaled/20130203-1529_Hare2_noisy_scaled.mp4', 
'Anims_sorted_scaled/people&animals/scaled/20130203-1536_Hare2_scaled.mp4', 
'Anims_sorted_scaled/people&animals/scaled/20130203-1629_fIsH2_scaled.mp4', 
'Anims_sorted_scaled/people&animals/scaled/20130203-1651_Hare12_scaled.mp4', 
'Anims_sorted_scaled/people&animals/scaled/20130203-1655_Hare13_scaled.mp4', 
'Anims_sorted_scaled/people&animals/scaled/20130203-1700_Hare11_scaled.mp4', 
'Anims_sorted_scaled/people&animals/scaled/20130203-1721_Hare21_scaled.mp4', 
'Anims_sorted_scaled/people&animals/scaled/20130203-1728_Hare22_scaled.mp4', 
'Anims_sorted_scaled/people&animals/scaled/20130203-1731_Hare23_scaled.mp4', 
'Anims_sorted_scaled/people&animals/scaled/Kofi_out_scaled.mp4', 
'Anims_sorted_scaled/people&animals/scaled/kofi2_scaled.mp4', 
'Anims_sorted_scaled/people&animals/scaled/out_scaled.mp4', 
'Anims_sorted_scaled/people&animals/scaled/Studiobraun1_scaled.mp4', 
'Anims_sorted_scaled/people&animals/scaled/studiobraun2_scaled.mp4'
